"","DBIC_ID","fVn_left.dlPFC","fVn_left.IPL","fVn_left.IPS","fVn_left.MFG","fVn_right.dlPFC","fVn_right.IPL","fVn_right.IPS","fVn_right.MFG","fVn_left.lOFC","fVn_left.VS","fVn_right.VS","fVn_left.vmPFC","fVr_left.dlPFC","fVr_left.IPL","fVr_left.IPS","fVr_left.MFG","fVr_right.dlPFC","fVr_right.IPL","fVr_right.IPS","fVr_right.MFG","fVr_left.lOFC","fVr_left.VS","fVr_right.VS","fVr_left.vmPFC","fVn_left.dlPFC_z","fVn_left.IPL_z","fVn_left.IPS_z","fVn_left.MFG_z","fVn_right.dlPFC_z","fVn_right.IPL_z","fVn_right.IPS_z","fVn_right.MFG_z","fVn_left.lOFC_z","fVn_left.VS_z","fVn_right.VS_z","fVn_left.vmPFC_z","fVr_left.dlPFC_z","fVr_left.IPL_z","fVr_left.IPS_z","fVr_left.MFG_z","fVr_right.dlPFC_z","fVr_right.IPL_z","fVr_right.IPS_z","fVr_right.MFG_z","fVr_left.lOFC_z","fVr_left.VS_z","fVr_right.VS_z","fVr_left.vmPFC_z"
"1","01may15fz",-0.518842,0.203809,0.897468,0.994967,-0.527744,1.55293,-0.017792,0.0029917,-0.537539,0.380207,0.504425,-0.646448,-0.0640719,0.708952,2.76271,2.83252,-1.19523,1.32077,0.765451,0.312981,-0.0505168,0.940831,0.387539,-1.22178,-1.23156055719184,0.484970613237235,0.954267689036579,1.06033917635995,-1.49025681355892,2.56673425044551,-0.876677908261637,-0.91185167587969,-1.68214354077943,0.61534947372469,0.969925424339376,-1.31930043768323,-0.481937161514175,1.559502264089,2.62948357867121,2.48348377608582,-2.2094557290077,1.86573900269675,-0.439060854981237,-0.564334191091641,-0.504181472395891,1.62677398243542,0.870869345412956,-0.959768202149961
"2","02apr15at",-0.490039,0.39924,0.479481,0.224261,0.547974,0.117047,0.111713,0.0296692,0.390804,0.0291219,0.248449,0.0885638,-0.617187,-0.301447,0.600262,-0.57086,-0.38025,-0.500573,0.266685,-1.28234,-0.445994,0.248595,-0.0516887,-1.22801,-1.18391186041222,0.903259072476109,0.230740009499061,-0.435170941193936,0.66819904467052,0.326782115261666,-0.6386255891612,-0.864540913469055,0.214450102167236,-0.260613972769327,0.326145169178325,0.0264578787216466,-1.29420864195413,-0.30002158904622,-0.119393159156075,-1.59305095766783,-0.991379275251592,-0.364184692706081,-1.04388125304718,-2.2057693643531,-1.10276131840356,0.160685343377201,-0.103165336968274,-0.96987576281522
"3","02jun15ky",0.385848,0.108467,-0.0402619,-0.156635,-0.00778717,-0.256901,0.313052,0.503299,-0.100756,-0.035841,-0.0835247,-0.423624,0.215958,0.00726945,-0.280531,0.18108,0.366192,0.113404,0.952156,0.0228926,0.187624,-0.172534,-0.308996,-0.791774,0.265064776612,0.280906476632742,-0.668925229833981,-1.174277450986,-0.446950049388471,-0.256570164170384,-0.268530103462865,-0.0245901332836186,-0.789801097149031,-0.422697541050198,-0.508769484120259,-0.911324332953208,-0.0707021374830957,0.26813574546245,-1.23904615822986,-0.692384700094853,0.124259665942815,0.387525369996192,-0.212656103212069,-0.86280785445791,-0.143740255071244,-0.731224991361169,-0.673771959068546,-0.26212586965791
"4","02jun15sm",0.179477,0.443907,-0.246282,-0.0121969,0.318984,0.478017,0.0129224,-0.740169,0.490491,-0.23771,0.0370412,-0.365362,0.294657,0.64582,1.54638,1.12904,0.155473,0.4486,0.275056,0.181533,0.813323,-0.314185,-0.170262,-1.56689,-0.0763340083446504,0.998861564449352,-1.02554216981318,-0.894003728048515,0.208724714989358,0.889888943768803,-0.820219592754294,-2.22979748454324,0.418109450580941,-0.926364216110748,-0.205545955876511,-0.804650438696843,0.0448704680001828,1.44331503518623,1.08330015945306,0.443072365001937,-0.190682850755795,0.797915671550731,-1.03373029738418,-0.699581812513832,0.803294899084677,-1.03122805651703,-0.366114387322781,-1.51967514616082
"5","02mar15aj",0.566425,0.627858,0.853547,0.272167,-0.301948,-0.834273,0.867167,0.716743,-0.0662544,-0.0832547,0.1453,-0.468171,-0.375598,0.159048,0.83848,0.580623,0.0778943,0.184683,1.5684,2.05882,0.316341,0.327308,-0.09826,-1.10689,0.563792642402818,1.39257893971454,0.87824125947545,-0.342212137588492,-1.037191327098,-1.15726029295899,0.750027950653491,0.353938528396665,-0.719314741102302,-0.540995549319513,0.066725186290838,-0.99288696326865,-0.939425605497509,0.547466815781479,0.183426570489096,-0.21381606622848,-0.306632675025114,0.474794341894741,0.534622062071342,1.23196983891336,0.0510810950307822,0.327391835160624,-0.206442205443511,-0.77337050635034
"6","03apr15al",-0.515532,-0.186661,-0.090464,0.00383401,-0.21953,-0.386271,0.0486814,-0.229356,0.30285,0.122214,-0.203446,0.350028,-0.356789,-0.0534815,0.833226,0.635627,0.111756,0.161723,0.64369,1.53561,0.49392,0.791204,-0.182649,-0.54115,-1.22608483638704,-0.350767292617021,-0.755824126021926,-0.862896680615907,-0.871817488486432,-0.458385080656431,-0.754488440453514,-1.32390478547983,0.0347611323880372,-0.0283475599897314,-0.810371841814907,0.505181651036795,-0.911803842367927,0.156330566888812,0.176747751677941,-0.147932821778731,-0.256022672995428,0.446683739967235,-0.586712331803849,0.693635988232447,0.319858183758516,1.3098785236665,-0.393583892571781,0.144486856533091
"7","03apr15eb",1.20306,0.902174,0.540621,0.235173,0.564196,0.0886195,0.56382,0.364022,0.423806,0.430845,0.371178,0.643182,1.1406,1.0779,1.09407,-0.371534,0.782541,0.904869,1.56954,0.275547,0.516387,0.128987,0.0239445,0.444176,1.61697557731556,1.97970798773952,0.336572206019344,-0.413996840560558,0.700748905258702,0.282435717036366,0.192424330390487,-0.271588579774711,0.281872793354142,0.741692166717255,0.634808899120431,1.04192736517003,1.28717134349213,2.23850888084786,0.50832936834656,-1.35430025620629,0.746538634070747,1.35653920076942,0.536004464347751,-0.602850254176042,0.353863414402038,-0.0926327879255279,0.064559421601088,1.74308112941547
"8","03apr15eh",0.0221956,-0.116815,0.0341991,0.536731,-0.102455,-0.0931544,0.0960057,0.590811,0.688981,0.16115,0.107492,0.059852,0.44489,-0.122422,0.93853,0.816413,0.749421,0.0461896,1.32252,0.255744,0.175207,0.229216,0.180504,-0.992958,-0.336524048884653,-0.201273221952703,-0.540034631451632,0.171158899798692,-0.636903487231259,-0.00112835846678853,-0.667498290538029,0.130606547067972,0.823622145983915,0.0687984389509557,-0.028362024569278,-0.0261115407474741,0.265493592049655,0.0294534577496815,0.310608873887661,0.0686108519739464,0.697037183546314,0.305232807182771,0.23645971845439,-0.623225677514728,-0.162534172768338,0.119642502877271,0.411746957487974,-0.588527071083194
"9","03apr15jf",0.639952,-0.241769,0.0939001,0.085152,-0.583351,-1.34785,0.144595,0.457913,0.110077,0.686424,-0.0600728,0.077893,0.429067,-0.219105,0.618369,-0.070963,-0.598728,-0.664942,1.57242,1.58688,0.728005,0.248252,0.37129,-0.563783,0.685428087603489,-0.468717057044036,-0.436693317018242,-0.705103855875804,-1.60183369049932,-1.95843134779515,-0.578182854466319,-0.105079169466511,-0.359071800409169,1.37936622833791,-0.449787899260697,0.00692034498042898,0.242256888450347,-0.148480551184089,-0.0963757681751871,-0.994279300139359,-1.31791846328532,-0.565426484004956,0.539496849046046,0.746387993210201,0.674160690332106,0.159958902678946,0.834835439641502,0.107767045853025
"10","06apr15lt",0.473839,0.143582,0.890563,0.483124,0.808038,0.497535,1.1836,1.10697,0.150996,0.0726612,0.0809822,0.476224,1.51233,0.696727,1.12964,0.890979,1.44412,0.397319,2.30513,1.88696,-0.0771978,-0.303989,0.0299744,-0.352958,0.410627963722207,0.356064456923346,0.942315263178342,0.0671376376420312,1.19002415526138,0.920336679255969,1.33168587498003,1.04598001966141,-0.275474772935774,-0.151982660059284,-0.0950342352775805,0.736238236110707,1.83307160443953,1.53700354912137,0.553545505596804,0.157925265573684,1.73534057055939,0.735130838038343,1.42800559636822,1.0551420726665,-0.544564859532572,-1.00963391844297,0.0779313736234458,0.449809819087902
"11","06apr15sh",0.755266,-0.309483,1.31527,0.888625,0.398089,0.136501,1.76162,0.714533,0.296071,0.398935,-0.0190976,-0.282891,0.657524,-0.473774,1.49034,0.54155,1.03487,2.22384,3.55177,0.420565,0.362078,0.453456,0.11133,-1.11929,0.876191612946154,-0.613647926398955,1.67747513703409,0.8539887172732,0.367450933817378,0.357130011878498,2.394185403851,0.350019241172318,0.0209117164873028,0.662076160291394,-0.346735172789171,-0.653651455942789,0.577755061627812,-0.617169732541248,1.01206281530058,-0.260617317235407,1.12367183181772,2.97139411082709,2.93972311729972,-0.453640379827224,0.120306947790063,0.594561051497129,0.258346169880454,-0.793488283597405
"12","06mar15zs",-0.273305,-0.571811,0.427739,0.703835,-0.366904,0.0208085,0.379172,0.046784,1.11456,-0.526413,-0.300782,-0.318943,-0.714327,-1.64339,0.0746158,0.916072,-0.497266,-1.71093,0.37696,1.39074,0.0319396,-0.583293,-0.623311,-1.39824,-0.825369602736508,-1.17511859858103,0.141175575211319,0.495414481932119,-1.16752721320119,0.176651753970467,-0.146990245241785,-0.83418896008116,1.69307495165121,-1.64668323532621,-1.0551721157326,-0.719660299369559,-1.43686258795911,-2.76971427287492,-0.787588006619371,0.187981411544478,-1.16627244356581,-1.8460602944992,-0.910158085476167,0.544578391955342,-0.379378476889837,-1.60117267291907,-1.37079928952302,-1.24605715158682
"13","07apr15as",0.737153,0.743452,0.580025,0.780815,1.26339,-0.109414,0.492429,0.522042,-0.16779,0.674641,0.904057,-0.0598724,-0.0328089,-0.388139,-0.855254,0.442454,0.664062,-1.0568,0.84257,0.00408956,-0.145407,0.80584,0.859791,-0.535919,0.846227343780817,1.63998920808168,0.40477979306032,0.644789689662821,2.1036996649735,-0.0264930474680758,0.0611954734899871,0.00864932393173307,-0.926750757200636,1.34996743787361,1.97500086473426,-0.245319051397757,-0.436026205018874,-0.459568304626895,-1.96962681746158,-0.379313521002266,0.569458852769893,-1.0451897353163,-0.345543766249353,-0.882154413062881,-0.647803813465457,1.34087615066258,1.91813896621306,0.152973638208849
"14","07apr15as2",-0.476382,-0.135486,0.0939128,-0.365135,-0.212611,-1.26465,0.533048,-0.179861,0.752813,0.0505023,0.0397046,-0.77469,-1.04467,-0.270572,-0.376988,0.425717,-0.444264,-1.01329,1.30264,0.195429,-0.38297,-0.0389079,-0.0991464,-1.09259,-1.16131913562941,-0.241235478823154,-0.436671333555765,-1.57885956077883,-0.857934336876912,-1.82864081636098,0.135860136240774,-1.23612871255266,0.954030158342032,-0.207269501951794,-0.198847498475833,-1.55410311433739,-1.92198439653562,-0.243199681101389,-1.36166108515555,-0.399360933233294,-1.08705517663659,-0.991919165200199,0.212352562967547,-0.685284136267083,-1.00737049381294,-0.448217885270676,-0.208407892813553,-0.75017016646058
"15","07apr15cn",0.344108,-0.839142,0.603296,0.113857,0.0660638,-0.411672,0.333109,0.388561,0.716716,0.489555,0.44477,0.409436,0.0263053,0.0875724,0.416052,0.580463,0.162133,-0.737564,1.16476,0.29826,0.780815,0.162064,0.286953,-1.03831,0.196014448396841,-1.74729738340426,0.445061458831068,-0.649403474764998,-0.298766177005163,-0.498010192302578,-0.231661910233279,-0.228070304119399,0.880284419181565,0.888174640464115,0.81989295597659,0.613953796002332,-0.349214655760819,0.415924144898836,-0.353558597527386,-0.214007712638049,-0.180728754726426,-0.654339730223568,0.0451546455366644,-0.5794807146976,0.754091977566022,-0.0225789133594422,0.647809068108045,-0.662106218962944
"16","07apr15es",-0.463302,-0.860483,-0.1186,-0.221635,-0.438299,-0.524475,-0.069211,1.02599,-0.0693408,0.0915997,-0.0858101,0.22409,-0.409594,-0.839852,1.35993,1.25581,0.0879181,-0.41168,0.832119,1.19358,-0.320412,-0.06927,-0.32566,-0.818096,-1.13968093982073,-1.79297434360308,-0.804527015804306,-1.30040616626914,-1.31078311855769,-0.673980881213265,-0.971194816456883,0.902367404535804,-0.725620219378748,-0.104730772322017,-0.514517270612528,0.274597447012591,-0.989350080980165,-1.29089444239155,0.84628726121555,0.594916210883958,-0.291651013196406,-0.255350383597119,-0.358216999750007,0.341719306692734,-0.912684989802732,-0.512521865225417,-0.710726171990912,-0.304830719068979
"17","07apr15me",-0.0268781,0.180728,0.394678,0.669825,-0.0478055,-0.488912,0.246829,0.76522,-0.183886,-0.0772747,0.381229,0.0545639,0.286431,-0.796214,1.06405,0.0679415,1.09893,-0.98757,1.32805,0.244352,-0.136612,0.480528,0.8031,-0.89117,-0.417706489989882,0.435569464352501,0.0839476025394658,0.429420057212436,-0.527247858688918,-0.6185032289369,-0.390259293284016,0.439909246394243,-0.959634692639228,-0.526075345044156,0.660087188274976,-0.0357937044256363,0.0327902604663457,-1.21058369198194,0.470168321389789,-0.827900870776583,1.21941648521733,-0.960429414260502,0.243165582128547,-0.634946973413042,-0.634492022682986,0.651896919086483,1.79242057418342,-0.423386078307045
"18","07apr15mm",-1.08557,-0.774864,-0.275512,0.115885,-0.196253,-1.05709,-0.206351,0.0951714,0.632919,0.0478439,0.276675,0.0052699,-0.547524,-0.601646,0.763066,0.404169,0.159934,-0.832191,0.874505,0.121837,0.112927,0.367468,-0.0955795,-0.225908,-2.16909659956655,-1.60972071653484,-1.07613875313487,-0.645468258848165,-0.825111588787806,-1.50485088000909,-1.22328157018403,-0.748377141692316,0.709088150670894,-0.213902256307247,0.397133627010996,-0.126047779868863,-1.19190576115791,-0.852503530524131,0.0875612408689125,-0.425170913442064,-0.184015399946934,-0.770194343838293,-0.306818313006277,-0.761003378520308,-0.256798906131873,0.412446816040813,-0.200497908291663,0.655935915800774
"19","07may15ha",1.14105,0.65603,1.38622,0.564503,1.26717,0.713232,1.51309,1.36536,2.25202,0.261319,0.371106,0.997829,1.21332,0.173115,1.59769,0.727876,0.722539,-0.0547825,2.02392,0.873293,2.2268,0.433563,0.103546,0.0531292,1.51439266278221,1.45287655101304,1.80028826008142,0.225048848734741,2.11128433227859,1.25682019198141,1.93734479641475,1.50421740694598,4.01689212386678,0.318721840632939,0.634627818947401,1.6912627222868,1.393963550137,0.573355521176133,1.14852478701308,-0.0374378865513865,0.656859104047588,0.181609701395128,1.08700090851837,0.012174125918211,2.94268206222678,0.552429608901273,0.241084312379993,1.10864625719148
"20","08mar15cf",1.60783,0.680612,1.00903,2.26449,0.934598,0.773994,1.51419,1.64544,-0.553864,0.769958,-0.111618,0.270686,1.41558,0.0155294,0.516394,3.1852,0.751791,0.309833,1.23116,1.54854,-0.716232,0.970272,-0.449757,-1.58652,2.28658509700051,1.50549034772395,1.1473794245321,3.52377463808903,1.44397005318028,1.35160783946943,1.93936678437668,2.00092055888941,-1.71549532047842,1.58778501494957,-0.579424201134026,0.359911661711187,1.69099038891573,0.283337239179986,-0.226005107396263,2.90592037437935,0.700579406908117,0.628019160327988,0.125673514969581,0.706939741389505,-1.5117836853704,1.68912716201943,-0.985924621404424,-1.55152288546403
"21","09apr15aw",0.546587,0.21624,0.855858,0.483846,0.274256,0.391431,0.436829,0.473057,0.231456,0.728682,0.18244,-0.150437,0.0373545,-0.160728,0.601915,0.844727,-0.262997,0.253632,1.57183,0.385878,-0.262178,0.477334,-0.166713,-0.683138,0.530974712092988,0.511577158958223,0.882241557253638,0.0685386366025607,0.118976831597162,0.754816312101022,-0.0410068271314892,-0.0782222980975049,-0.111095955503544,1.48480067520548,0.160132375545617,-0.411136884011983,-0.332988466959108,-0.0410443562012405,-0.117291886317316,0.102525079727386,-0.816131884601189,0.559210626402563,0.538781395236326,-0.489330038431931,-0.824544134268177,0.645132337190783,-0.358244097976797,-0.0858746721569303
"22","13apr15kp",0.411396,-0.551281,0.258878,1.02629,0.413648,-0.776941,0.850408,0.584508,0.422014,0.281459,0.428495,0.551672,0.883617,0.19518,1.75629,1.04031,1.0397,-0.94857,1.81086,1.01295,0.663863,0.555818,0.277777,0.721122,0.307328738884182,-1.13117745276397,-0.151119657641341,1.12111963403401,0.398670467838555,-1.06782338492793,0.719222044967964,0.119428598029485,0.27821175879239,0.368971491821182,0.77896129186454,0.874378567267451,0.909781606965503,0.613963631258812,1.35013511503919,0.336792452995061,1.13089079335253,-0.912680569523014,0.828637198859069,0.155868035791005,0.577077701773919,0.811353829207733,0.627460300838744,2.19239870501754
"23","14apr15rg",0.271895,-0.187831,-0.122271,-0.210415,0.292593,-1.31677,0.643806,-0.0663609,0.216093,-0.531957,-0.216812,0.268469,0.319659,-0.00304632,0.63412,1.38215,0.212251,-1.27243,1.44146,-0.303443,0.575138,-0.341507,-0.354127,0.109153,0.0765527485549319,-0.353271488457546,-0.810881448146896,-1.2786344095695,0.155770494129864,-1.90994709638921,0.339452265957203,-1.03484387459246,-0.142482380711241,-1.66051561199888,-0.843987363936053,0.355852480365432,0.0815868974629833,0.249150750051274,-0.0763532948035649,0.74624500704026,-0.105821940191899,-1.30919187354052,0.380690355959678,-1.19857647539839,0.442786782254335,-1.08909339983398,-0.773854807328224,1.19953934823455
"24","15apr15jy",0.528396,-0.221073,0.466876,1.21117,0.943125,-0.47362,0.414603,0.142508,0.33041,0.187958,0.213115,0.470078,0.40543,0.155488,-0.0492763,2.14119,0.444431,0.129582,1.21239,-0.422588,0.725418,0.28786,0.0964772,-0.100677,0.50088140781503,-0.424420615064986,0.208920990245901,1.47986850913471,1.46107969818308,-0.594647978856475,-0.081862012987837,-0.664428846839826,0.0910658826792658,0.135684866411454,0.237280074263721,0.724985313895547,0.207545015671681,0.54091504275205,-0.94507808808749,1.65541557403788,0.241196380543694,0.407332570256784,0.102912382751873,-1.32116546765652,0.670245101616443,0.243844801152615,0.225408487829728,0.859110864383612
"25","15apr15mp",0.252164,0.127439,0.93867,1.0282,0.427597,-0.0373653,1.30133,1.98024,0.309599,0.164375,-0.180642,-0.180023,-0.122494,-0.743091,0.71351,0.937609,0.810508,-0.539455,2.43605,1.79898,0.263645,0.0115711,-0.193629,-0.869413,0.0439118279508758,0.321512975339088,1.0255875804502,1.12482587782156,0.426659495414967,0.0859016527980466,1.54809373203338,2.59466597188092,0.0485492586476708,0.0768448701864118,-0.753019727012376,-0.46530690624721,-0.567732334449087,-1.11281688337455,0.0245662760791145,0.21377821606259,0.788338364349032,-0.411789066580004,1.58676358411156,0.964618932468667,-0.0286776459667268,-0.341308264258449,-0.417933223938054,-0.388087491245401
"26","16apr15js",0.287342,-0.225883,-0.272461,0.212878,-0.205464,-0.578711,0.140973,-0.015136,0.261445,-0.0987764,0.836991,-0.52291,0.59221,0.000318578,-0.53002,0.566189,-0.187938,-0.186807,0.548616,-0.0819905,0.196425,0.266063,0.724607,-0.92543,0.102106663742751,-0.434715642409363,-1.07085752919664,-0.457258989902673,-0.843593697398196,-0.758588083891917,-0.584840709373711,-0.943999939688192,-0.0498287872711907,-0.57972246147684,1.80632971356137,-1.0931104759819,0.481838859966612,0.25534346015329,-1.55619344151426,-0.231104967951767,-0.703948026662982,0.0199682308298846,-0.702002256389167,-0.97072269380416,-0.130419382907909,0.197680871415426,1.61835390142087,-0.478969549959017
"27","16feb15rn",-0.491435,-0.451406,-0.247751,-0.437454,0.0683664,0.0666619,0.315982,1.38516,0.204376,0.0358416,0.0616291,0.00320076,0.232438,0.281202,-0.455012,0.832336,-0.0541155,0.478344,-0.115981,1.92329,0.251701,-1.30642,0.261803,-0.883341,-1.18622125806887,-0.91741116253119,-1.028084981339,-1.71919036940284,-0.294145950831427,0.248182248610656,-0.263144262800618,1.53933138298311,-0.16642007153716,-0.243848204095562,-0.143707328286915,-0.129836239268843,-0.046500603303952,0.772277288432263,-1.46084421399483,0.0876832630962892,-0.503935711964736,0.834332123803855,-1.50791489296309,1.09252222364839,-0.0467556481390786,-3.13268545078132,0.592036237155243,-0.410684297817749
"28","16feb15sf",0.158403,0.191214,0.580609,0.532306,0.868872,0.0354469,0.522606,0.741533,0.927728,0.515866,1.46255,0.710016,0.378138,-0.334235,0.935364,0.761577,0.515046,-0.617773,1.21513,2.93823,0.645376,-0.0633973,1.11879,-0.335491,-0.111196648900622,0.458013052030909,0.405790686137976,0.162572444950571,1.31208914225568,0.199487399587606,0.116665955969381,0.397901935768407,1.31137941077999,0.95382104425825,3.37961210190361,1.16429602825626,0.16746563030656,-0.360364154801529,0.30658429445178,0.00292883625424552,0.346738196026267,-0.507676092788993,0.106234998749556,2.13679996759459,0.549096453769878,-0.500084056803727,2.49249711507766,0.478148304182618
"29","16feb15zb",0.233017,0.201906,0.030292,0.424317,0.33783,-0.314018,-0.0809332,0.206079,-0.00834089,-0.779883,-0.528817,-0.694727,-0.211694,-0.141421,1.22467,0.143375,-0.0361025,-0.329147,0.350869,0.22113,-0.650782,-0.738221,-0.471362,-1.19851,0.0122370163951582,0.480897549404314,-0.546797748478527,-0.0469739217372803,0.246539699124784,-0.345671675996414,-0.992742223081795,-0.551689929129901,-0.600998133009466,-2.27909530517149,-1.62868068874589,-1.40769611481074,-0.698726075273093,-0.00551202983068624,0.674346448045236,-0.737547374299961,-0.477013319806022,-0.154302809168424,-0.941796908102285,-0.658840225989469,-1.41272095578397,-1.92929513501583,-1.03383603344161,-0.922014921783896
"30","18feb15aa",0.915986,0.556521,0.595876,0.660398,0.782792,-0.0420916,0.326926,0.0917543,0.350149,0.0641061,-0.0193588,0.0908374,1.10278,0.303377,0.270852,1.75583,0.543788,0.108468,0.38863,2.27923,0.709611,0.25957,0.218141,-0.496637,1.14207011679714,1.23989362460729,0.432217577604694,0.411127512612835,1.13936740637658,0.0785287082221171,-0.243027320750232,-0.754437140051734,0.131392423535527,-0.173327783737563,-0.347392091416887,0.0306206909488491,1.23163117221451,0.813087840940008,-0.538135013853939,1.19383519658979,0.389696248289952,0.381482080313519,-0.896006651646617,1.45875098611731,0.64632020373145,0.183929327818438,0.495211054449031,0.216704809645882
"31","18feb15ap",0.952343,0.0449394,-0.149156,0.132583,0.0338495,0.112452,0.671613,0.266781,0.0798194,-0.311771,-0.630002,1.69281,1.17273,0.255278,1.50203,0.547426,0.174677,0.61214,0.860889,1.56234,0.238573,0.332502,0.139003,1.12462,1.20221536794517,0.144935919642584,-0.857418880326285,-0.613066762112814,-0.363404999218569,0.319613996368156,0.390566283464063,-0.444038991079093,-0.420887715228178,-1.11114770253838,-1.8831612069135,2.9637272738673,1.33435552390329,0.724567130001111,1.02692299647728,-0.253579102843968,-0.1619803792621,0.998142493816597,-0.323329531774328,0.721138642670819,-0.066625709468502,0.338392222877051,0.319714024789277,2.84703442143982
"32","18feb15kl",-0.0965591,-0.601839,1.10794,0.724126,0.409448,0.311091,1.26563,1.3246,0.594342,-0.09884,-0.589498,0.490365,0.822166,-0.648838,1.7201,1.64392,1.39205,1.21181,2.97566,2.3943,-0.482713,-0.131796,0.0421362,0.494025,-0.532979511560569,-1.23938867781117,1.31859078465348,0.534787985959966,0.390243059721777,0.629487330184898,1.4824710318142,1.43193227243722,0.630275801179431,-0.579881144585855,-1.78129354957436,0.76212947806394,0.819538374147386,-0.93935501164907,1.30413084157598,1.05979051099653,1.65751627923067,1.73233607647633,2.24111278794735,1.5771471868739,-1.15833785572494,-0.64494586259879,0.104901473642602,1.82395621635007
"33","20feb15ac",0.612673,0.452439,0.857098,0.616599,0.0814771,1.20342,1.22445,0.0391481,0.155151,0.747131,0.0804428,0.717329,0.120589,1.16462,0.695448,-0.255051,0.699269,-0.341797,2.67087,0.228945,0.354709,0.631948,0.0781533,-0.320695,0.64030053840892,1.01712293104025,0.884387974062358,0.326138103371512,-0.267838993784609,2.02150481965756,1.40677515520282,-0.847730718142874,-0.266986157643319,1.53083125190716,-0.0963908275738656,1.17768565080092,-0.210755299687632,2.39810712722764,0.00160608853303867,-1.21477807666953,0.622079552305331,-0.169790575474301,1.8715142003802,-0.650799326459507,0.10915349852616,0.972589777773688,0.184773268064477,0.502153355162261
"34","20feb15as",0.25306,-0.0430206,-0.0175755,0.0447661,-0.213415,-0.575463,-0.520978,0.0337995,0.223534,-0.0538409,0.156489,-0.472536,0.0108792,-0.574275,-0.101945,0.78209,0.377674,-1.65525,-0.0518509,2.7248,-0.535261,-0.208581,-0.195207,-1.32071,0.0453940774496966,-0.0433282394450294,-0.629655495729667,-0.783470343299698,-0.859547583573553,-0.753521261222468,-1.80161975791125,-0.857216102599046,-0.127280506730217,-0.467607605420767,0.0948655481802221,-1.00087899149338,-0.371868495955048,-0.802130334010512,-1.0120298780226,0.027499103751113,0.14142076663489,-1.7778896361663,-1.43014858048387,1.91720058350249,-1.23787258932782,-0.807569037571033,-0.421432608719108,-1.12027237175094
"35","20feb15pw",0.56732,0.650898,0.341628,0.0709769,-0.0585755,1.11912,0.475162,0.305926,-0.221508,-0.425059,-0.0340675,-0.296566,-0.0959108,0.257117,-0.17148,-0.837355,-0.847636,-1.28854,-0.278851,-0.764844,0.339823,-0.130582,-0.044892,-0.552889,0.565273237605324,1.44189233472794,-0.00788095528521608,-0.732609812060572,-0.548858140931226,1.88999830763952,0.0294557770002203,-0.37461795108043,-1.03649598855565,-1.39380323798097,-0.384384507264807,-0.678689482511664,-0.528693850020021,0.727951599271088,-1.10042189668146,-1.9122560196567,-1.68993860359738,-1.32891581940516,-1.70541652345314,-1.67331468192736,0.0866225926037196,-0.642374728465609,-0.0880929234439434,0.125441486605406
"36","20feb15rw",0.0572497,-0.0649609,1.23005,0.29365,0.773856,0.103176,0.615148,0.948654,0.109325,-0.0274622,0.323882,0.364182,0.350097,-0.40616,2.14905,0.455278,1.23971,0.193189,1.55896,1.83792,-0.860726,0.378393,0.564607,-0.592326,-0.278534180406287,-0.0902879044021686,1.52996091087349,-0.30052562696653,1.12143709234527,0.305143600099125,0.286773965036155,0.765217179747539,-0.360608127412762,-0.401792288946124,0.515859345458771,0.531096695135943,0.126286308709632,-0.492733895009853,1.84940669407787,-0.363953061275272,1.42982754212644,0.485208487364922,0.523174801115819,1.00468452782333,-1.73048452645311,0.435584905336532,1.26353668661179,0.0614588429527847
"37","23feb15bf",-0.474096,-0.745677,-0.874214,0.754588,0.194915,0.189823,-0.770991,0.990202,-0.0106987,0.446092,0.457476,0.972025,0.109873,-0.0461261,1.65251,1.11735,0.341218,-0.231059,0.83432,0.296638,0.00188579,0.967286,-1.55666,-0.537656,-1.15753741425184,-1.54725066183623,-2.1124807178239,0.593897723266964,-0.0402229273059912,0.440311390690193,-2.26118637275436,0.838899779565255,-0.605815110632258,0.779733697584541,0.851848576511626,1.6440172935787,-0.226492171062857,0.169867339737311,1.21821128248843,0.429070199202767,0.0869333004416921,-0.034210791665585,-0.355547993249678,-0.581149600051099,-0.424866826058244,1.68280310392908,-3.44060111842825,0.150155526992869
"38","23feb15eb",-0.425055,-0.342625,0.235394,1.45373,-0.432507,0.264153,0.89019,0.428984,1.10702,-0.618742,0.59558,0.432372,-0.153947,-0.45806,0.704091,1.34388,0.315902,1.46541,2.136,1.22215,0.973002,0.0999308,0.334982,0.0201996,-1.07640906863613,-0.684583019173872,-0.191770022428425,1.9505420657359,-1.29916132145951,0.556264878689017,0.792348158696805,-0.156382816576521,1.67767082185456,-1.87704570029936,1.1991804684029,0.655948105134597,-0.613922313486503,-0.588249911927643,0.0125929615792536,0.700405581451359,0.0490957786579801,2.04282600020522,1.22291287969369,0.371115147968615,1.04497920156952,-0.154170998469625,0.754318543170952,1.05522122834995
"39","23feb15jk",-0.531584,-0.641795,-1.075,-0.255005,-0.118219,-0.63581,0.156153,0.33858,-0.295742,0.189304,-0.408943,0.213986,-0.856968,-0.718931,-0.743859,0.345028,-0.0432835,-0.798327,0.442365,2.26478,0.00439814,0.629068,-0.157837,-0.508547,-1.25263960084583,-1.32490803593423,-2.46003752859461,-1.36515870825373,-0.668534359029564,-0.847661516035666,-0.556937275498998,-0.316708265549293,-1.18815516247144,0.139043159882128,-1.32719729066492,0.256097686833292,-1.64633655864159,-1.06835316528719,-1.8280228925532,-0.496009415369243,-0.487746107131383,-0.728733654653926,-0.830845786451168,1.44388329600753,-0.421064224856158,0.966490217391842,-0.338560612985263,0.197382009080354
"40","25feb15nh",0.740279,0.352153,0.171836,0.262476,0.635696,0.373536,0.0141248,0.531852,0.0884577,-0.275462,0.129041,0.692336,-0.373905,-0.248251,0.348147,-0.765327,-0.475792,0.340074,0.625222,0.237407,-0.385818,-0.195347,-0.433339,-0.843155,0.851398674063534,0.8024769617558,-0.301787731725714,-0.361016958816321,0.844215495818129,0.726900427966232,-0.818009376094811,0.0260467029683121,-0.403239771670822,-1.02055611440561,0.0258337622172391,1.13192510981109,-0.936939367793304,-0.20212043228401,-0.439878580658615,-1.82598159722876,-1.13417720961166,0.665044104269177,-0.609107248681667,-0.642092724818747,-1.01168112259617,-0.779540710455286,-0.949515939949828,-0.345486475523349
"41","27feb15bh",1.09034,0.571899,0.604963,0.958335,0.423644,-0.139938,0.779717,0.190111,0.309612,0.40836,0.223793,0.083345,1.60162,0.638149,1.01067,2.11147,0.423867,-0.602756,1.149,0.437183,2.17035,0.489983,-0.0319766,0.0424422,1.43050329661568,1.27280774737275,0.447947004653759,0.989256913309927,0.418727699156485,-0.0741099486879884,0.589279907679604,-0.580008109400654,0.0485758174921478,0.685591699638425,0.264135269925071,0.0169025987905574,1.96419751383612,1.42919743661635,0.402312335828415,1.61981725346035,0.210461240791748,-0.489290338906356,0.0260435403821045,-0.436542021748029,2.85724140393565,0.671921691103968,-0.0594516343430362,1.09130765352701
"42","27feb15ea",0.632517,-0.141616,1.76385,0.780036,0.665111,-0.109505,1.2377,1.44776,0.111523,0.871914,0.155791,0.028357,0.571172,-0.135376,1.7113,0.799589,0.451392,-0.581712,1.59365,1.56881,1.39833,0.575812,-0.749461,-0.920885,0.673128394496644,-0.25435575275684,2.45395872740158,0.643278085521197,0.903237450521703,-0.0266350058618319,1.43113091928978,1.65034829712071,-0.356117639708113,1.8421670127921,0.0931100765027898,-0.0837768165636875,0.450943721856125,0.00561310161956498,1.29294439210164,0.0484592320077153,0.251600353886102,-0.463525552017748,0.565241059860215,0.727795663778798,1.68874012822408,0.853699179997536,-1.65055048732405,-0.471595735637411
"43","27feb15mc",-1.08682,-0.584244,-0.504299,0.031364,-0.870259,-1.31073,-0.296012,-0.271951,-0.0843051,-0.0408874,-0.240345,-0.0709086,-0.275893,-0.164378,0.0258358,1.87959,-0.390212,-1.06868,0.081209,0.0939936,0.831708,-0.159411,-0.383054,-0.315993,-2.17116446996111,-1.20172942497867,-1.47216477121283,-0.809476337993484,-2.17752197811084,-1.90052480300144,-1.38809380896141,-1.39944416978799,-0.756192105256217,-0.435288397046044,-0.903172915490515,-0.265525608532632,-0.793004855173994,-0.047761763942087,-0.849596529955522,1.34207369439178,-1.00626857024327,-1.05973476802095,-1.26879567815169,-0.789651616776551,0.831121763614038,-0.703431751468471,-0.838003542158113,0.509781886502237
"44","28apr15jr",0.857302,0.177606,0.12907,0.96859,0.497314,0.406838,0.693508,1.44954,0.148364,0.581489,0.137684,0.0744353,0.761359,-0.371099,0.226923,0.589042,-0.30647,-0.327293,0.680237,0.00141065,0.105209,-0.68006,-0.172939,-0.791825,1.04498939180964,0.42888732810112,-0.375814877888397,1.00915614369806,0.566548450576247,0.778850960151579,0.430813034760956,1.65350500809779,-0.280851917448347,1.11755157354952,0.0475709279880808,0.000589523447178571,0.730240880893066,-0.428208132598396,-0.593977006917362,-0.203731871714946,-0.881107022241547,-0.152032902549365,-0.542394212509198,-0.884910759340528,-0.268480589049339,-1.80611578384619,-0.372050922848055,-0.262208612128846
"45","28apr15js",-0.426498,-0.253695,0.0529839,0.0342818,0.338028,-0.0362415,0.179573,0.32721,-0.0446816,-0.42667,-0.297423,-1.15432,-0.171908,-1.03209,0.331385,-0.378641,-0.235684,-0.0190498,0.731872,2.14723,-0.104952,0.0562582,-0.490237,-2.02367,-1.07879621821961,-0.494242731910781,-0.507518493977078,-0.803814516986513,0.246936991221718,0.0876547609618173,-0.513887313618513,-0.336872200273646,-0.675241768784355,-1.39782271107254,-1.04672422266026,-2.24918070310097,-0.64029875495444,-1.64468650520932,-0.461186224532346,-1.36281295016135,-0.775309628617679,0.225358294840031,-0.479779877822923,1.32293540864387,-0.586572602993045,-0.246665325112755,-1.07569337675112,-2.26075565349262
"46","29apr15ma",0.544059,-0.100399,0.144651,0.718265,0.73247,-0.42665,0.0456812,0.870788,1.26307,0.26666,-0.402411,-1.085,2.03463,-0.830439,-0.0990157,0.0533851,2.40725,-0.631028,-0.0309797,0.689463,1.52033,0.201318,0.262601,-0.87104,0.526792651007029,-0.166137428005656,-0.348844458294309,0.523415056724975,1.03839501798313,-0.521375607925427,-0.76000332071115,0.627127035398685,1.99647910498033,0.332047728765829,-1.31076929496723,-2.12226033734197,2.60008988731373,-1.2735708919629,-1.00830618865383,-0.845336382003191,3.1748433496535,-0.523904578352978,-1.4048394625967,-0.176969643831359,1.87339487244937,0.0605572474839572,0.593805888014104,-0.390727138308382
"47","30apr15kh",0.0174996,-0.509771,0.337876,0.378128,-0.357094,0.248423,0.224574,0.369286,0.0123665,0.771686,0.637012,-0.062678,-0.305296,-0.602096,0.432039,1.24205,-0.498828,-1.04036,1.38566,0.669156,0.124739,0.747276,0.286812,-0.464351,-0.344292624382937,-1.04233200888349,-0.0143755971128919,-0.136600986817475,-1.14784319567128,0.531726356339743,-0.431167786095724,-0.262253227761607,-0.558693182968352,1.59209640508131,1.30338204797221,-0.250455920673196,-0.83618432783597,-0.853331704081222,-0.333236123919861,0.578434619660982,-1.16860702284477,-1.02506176076542,0.313025402430209,-0.19786363573858,-0.23892069433852,1.21684328462006,0.647496385437495,0.269085660952232
